{
  "speed": {
    "dcrnn": {
      "loss": 5.777390003204346,
      "mae": {
        "0": 5.449869632720947,
        "1": 5.531529426574707,
        "2": 5.5913848876953125,
        "3": 5.652182102203369,
        "4": 5.703982830047607,
        "5": 5.761829853057861,
        "6": 5.812039852142334,
        "7": 5.870731830596924,
        "8": 5.918161869049072,
        "9": 5.958675384521484,
        "10": 6.009362697601318,
        "11": 6.061836242675781
      },
      "rmse": {
        "0": 8.302553176879883,
        "1": 8.419978141784668,
        "2": 8.474489212036133,
        "3": 8.529682159423828,
        "4": 8.586164474487305,
        "5": 8.651564598083496,
        "6": 8.7025785446167,
        "7": 8.764159202575684,
        "8": 8.799903869628906,
        "9": 8.824652671813965,
        "10": 8.87394905090332,
        "11": 8.914969444274902
      },
      "mape": {
        "0": 0.2083415687084198,
        "1": 0.2113306224346161,
        "2": 0.21346786618232727,
        "3": 0.2148534059524536,
        "4": 0.21579356491565704,
        "5": 0.21707667410373688,
        "6": 0.21840620040893555,
        "7": 0.2201448380947113,
        "8": 0.22134411334991455,
        "9": 0.22275535762310028,
        "10": 0.22486041486263275,
        "11": 0.2269977331161499
      }
    },
    "fclstm": {
      "loss": 5.855400085449219,
      "mae": {
        "0": 5.147576332092285,
        "1": 5.388355731964111,
        "2": 5.546165943145752,
        "3": 5.684944152832031,
        "4": 5.803553581237793,
        "5": 5.897852420806885,
        "6": 5.983598709106445,
        "7": 6.054050445556641,
        "8": 6.108686447143555,
        "9": 6.165822982788086,
        "10": 6.211358547210693,
        "11": 6.259528636932373
      },
      "rmse": {
        "0": 8.186891555786133,
        "1": 8.446544647216797,
        "2": 8.621779441833496,
        "3": 8.771064758300781,
        "4": 8.894909858703613,
        "5": 8.98732852935791,
        "6": 9.064565658569336,
        "7": 9.128803253173828,
        "8": 9.157057762145996,
        "9": 9.188297271728516,
        "10": 9.211506843566895,
        "11": 9.243212699890137
      },
      "mape": {
        "0": 0.19150571525096893,
        "1": 0.19943080842494965,
        "2": 0.2037559300661087,
        "3": 0.2074775993824005,
        "4": 0.2109038233757019,
        "5": 0.213931605219841,
        "6": 0.21621321141719818,
        "7": 0.21856053173542023,
        "8": 0.21991316974163055,
        "9": 0.22139215469360352,
        "10": 0.2225974053144455,
        "11": 0.22389675676822662
      }
    },
    "gwnet": {
      "loss": 5.437293529510498,
      "mae": {
        "0": 4.9969162940979,
        "1": 5.203351974487305,
        "2": 5.288379192352295,
        "3": 5.36234188079834,
        "4": 5.422346115112305,
        "5": 5.461423873901367,
        "6": 5.495761871337891,
        "7": 5.545010566711426,
        "8": 5.5724873542785645,
        "9": 5.603344440460205,
        "10": 5.621262073516846,
        "11": 5.667566299438477
      },
      "rmse": {
        "0": 7.943896293640137,
        "1": 8.183263778686523,
        "2": 8.268025398254395,
        "3": 8.323713302612305,
        "4": 8.368566513061523,
        "5": 8.41636848449707,
        "6": 8.459900856018066,
        "7": 8.514026641845703,
        "8": 8.534957885742188,
        "9": 8.557916641235352,
        "10": 8.563899040222168,
        "11": 8.624861717224121
      },
      "mape": {
        "0": 0.19123582541942596,
        "1": 0.19714078307151794,
        "2": 0.1996733397245407,
        "3": 0.20158374309539795,
        "4": 0.20361563563346863,
        "5": 0.20468275249004364,
        "6": 0.20446991920471191,
        "7": 0.20515646040439606,
        "8": 0.2060995101928711,
        "9": 0.20689111948013306,
        "10": 0.2087719440460205,
        "11": 0.20895135402679443
      }
    },
    "stgcn": {
      "loss": 15.39765739440918,
      "mae": {
        "0": 20.431690216064453,
        "1": 16.221904754638672,
        "2": 15.548670768737793,
        "3": 15.134005546569824,
        "4": 14.92292308807373,
        "5": 14.790411949157715,
        "6": 14.703489303588867,
        "7": 14.659969329833984,
        "8": 14.630857467651367,
        "9": 14.598102569580078,
        "10": 14.588370323181152,
        "11": 14.592100143432617
      },
      "rmse": {
        "0": 23.98017120361328,
        "1": 20.106613159179688,
        "2": 19.204479217529297,
        "3": 18.593143463134766,
        "4": 18.257070541381836,
        "5": 18.044231414794922,
        "6": 17.90245246887207,
        "7": 17.82586669921875,
        "8": 17.776226043701172,
        "9": 17.742393493652344,
        "10": 17.73776626586914,
        "11": 17.737863540649414
      },
      "mape": {
        "0": 0.705551028251648,
        "1": 0.5838825702667236,
        "2": 0.563872218132019,
        "3": 0.5526021122932434,
        "4": 0.5444251298904419,
        "5": 0.540282130241394,
        "6": 0.5368652939796448,
        "7": 0.5364389419555664,
        "8": 0.5340293049812317,
        "9": 0.5330632925033569,
        "10": 0.5315616130828857,
        "11": 0.5311369895935059
      }
    },
    "ha": {
      "mae": {
        "0": 6.664833068847656,
        "1": 6.664833068847656,
        "2": 6.664833068847656,
        "3": 6.664833068847656,
        "4": 6.664833068847656,
        "5": 6.664833068847656,
        "6": 6.664833068847656,
        "7": 6.664833068847656,
        "8": 6.664833068847656,
        "9": 6.664833068847656,
        "10": 6.664833068847656,
        "11": 6.664833068847656
      },
      "rmse": {
        "0": 9.887256622314453,
        "1": 9.887256622314453,
        "2": 9.887256622314453,
        "3": 9.887256622314453,
        "4": 9.887256622314453,
        "5": 9.887256622314453,
        "6": 9.887256622314453,
        "7": 9.887256622314453,
        "8": 9.887256622314453,
        "9": 9.887256622314453,
        "10": 9.887256622314453,
        "11": 9.887256622314453
      },
      "mape": {
        "0": 0.23847046494483948,
        "1": 0.23847046494483948,
        "2": 0.23847046494483948,
        "3": 0.23847046494483948,
        "4": 0.23847046494483948,
        "5": 0.23847046494483948,
        "6": 0.23847046494483948,
        "7": 0.23847046494483948,
        "8": 0.23847046494483948,
        "9": 0.23847046494483948,
        "10": 0.23847046494483948,
        "11": 0.23847046494483948
      }
    },
    "var": {
      "mae": {
        "0": 5.680046558380127,
        "1": 5.337894916534424,
        "2": 5.335227966308594,
        "3": 5.431707859039307,
        "4": 5.544439792633057,
        "5": 5.659092903137207,
        "6": 5.762063503265381,
        "7": 5.859289169311523,
        "8": 5.944342136383057,
        "9": 6.026185035705566,
        "10": 6.096991539001465,
        "11": 6.155573844909668
      },
      "rmse": {
        "0": 8.997981071472168,
        "1": 8.529276847839355,
        "2": 8.494878768920898,
        "3": 8.590641975402832,
        "4": 8.711552619934082,
        "5": 8.837400436401367,
        "6": 8.937485694885254,
        "7": 9.043046951293945,
        "8": 9.137642860412598,
        "9": 9.226404190063477,
        "10": 9.29814338684082,
        "11": 9.361960411071777
      },
      "mape": {
        "0": 0.20793181657791138,
        "1": 0.19906286895275116,
        "2": 0.19981998205184937,
        "3": 0.2029438614845276,
        "4": 0.20581375062465668,
        "5": 0.20936186611652374,
        "6": 0.21268294751644135,
        "7": 0.2153884619474411,
        "8": 0.21779024600982666,
        "9": 0.22016027569770813,
        "10": 0.22191709280014038,
        "11": 0.22362186014652252
      }
    },
    "sp": {
      "loss": 4.938900470733643,
      "mae": {
        "0": 4.724893093109131,
        "1": 4.829084396362305,
        "2": 4.868115425109863,
        "3": 4.903311729431152,
        "4": 4.937538146972656,